{"numeric": {"Pclass": {"bins": [-Infinity, 2.0, Infinity], "probs": [0.24242424300241472, 0.7575757569975853]}, "Age": {"bins": [-Infinity, 14.0, 19.0, 22.0, 25.0, 28.0, 31.800000000000068, 36.0, 41.0, 50.0, Infinity], "probs": [0.09943977591821042, 0.09523809530478858, 0.09103641469136674, 0.10364145653163226, 0.08263305346452306, 0.12745098000768937, 0.09663865550926252, 0.09663865550926252, 0.10364145653163226, 0.10364145653163226]}, "SibSp": {"bins": [-Infinity, 1.0, Infinity], "probs": [0.6823793486366344, 0.31762065136336554]}, "Parch": {"bins": [-Infinity, 1.0, 2.0, Infinity], "probs": [0.7609427595029986, 0.1324354664452229, 0.10662177405177854]}, "Fare": {"bins": [-Infinity, 7.55, 7.8542, 8.05, 10.5, 14.4542, 21.67920000000004, 27.00000000000008, 39.6875, 77.9583, Infinity], "probs": [0.09876543211262141, 0.08754208768190698, 0.0852974187957641, 0.1088664421002644, 0.11335577987255017, 0.10662177321412152, 0.09988776655569286, 0.09539842878340708, 0.10325476988490719, 0.1010101009987643]}}, "categorical": {"Sex": {"cats": ["female", "male", "__OTHER__"], "probs": [0.35241301901544436, 0.6475869798622211, 1.122334451888885e-09]}, "Embarked": {"cats": ["C", "Q", "S", "__OTHER__"], "probs": [0.18897637822732788, 0.08661417396349078, 0.724409446684322, 1.1248593875146934e-09]}}, "n": 891}