feature,importance
f0,0.0643191463272679
f1,0.29370374570238195
f2,0.09853379418578942
f3,0.026366232306799676
f4,0.3041762710806738
f5,0.15218151571685812
f6,0.0
f7,0.0295193363274875
f8,0.019684734933943748
f9,0.011515223418797921
