feature,coefficient
f0,-0.46827495486912535
f1,-0.011694348698041966
f2,-0.14174852533813084
f3,-0.03808010579603887
f4,0.0037730622815543833
f5,-0.9727932880699414
f6,0.9727932880699415
f7,-0.21028962891688202
f8,0.2443831010686427
f9,0.003775270419495917
