feature,importance
f0,0.12095818931217397
f1,0.08728488181011503
f2,0.04446081219279514
f3,0.02896817733885012
f4,0.11230355554403076
f5,0.2863333366507451
f6,0.2833519108493857
f7,0.016148741696885998
f8,0.012670661601631052
f9,0.007519733003386864
